environment,genotype,yieldPerAcre.sp
2022AmesHigh,LH195 X PHZ51,132.774956417348
2022AmesHigh,LH198 X PHZ51,123.827970687125
2022AmesHigh,LH195 X LH185,119.164447642257
2022AmesHigh,2369 X PHZ51,126.584184232005
2022AmesHigh,2369 X 3IIH6,133.87141221082
2022AmesHigh,B37 X OH43,113.653600004215
2022AmesHigh,PHG39 X PHM49,128.717439952151
2022AmesHigh,PHW52 X PHN82,139.837854465577
2022AmesHigh,LH195 X 3IIH6,136.901144784035
2022AmesHigh,B37 X H95,105.070450741714
2022AmesHigh,LH145 X LH162,144.032207409921
2022AmesHigh,WF9 X H95,118.191309895484
2022AmesHigh,LH195 X LH123HT,118.02994260218
2022AmesHigh,PHP02 X PHB47,115.768389576707
2022AmesHigh,B73 X PHN82,129.705483549585
2022AmesHigh,F42 X OH43,125.554229891802
2022AmesHigh,LH195 X PHM49,102.061595715712
2022AmesHigh,B37 X MO17,117.149544987909
2022AmesHigh,B84 X 3IIH6,135.256589889087
2022AmesHigh,LH82 X PHJ89,133.605298435388
2022AmesHigh,PHB47 X LH185,132.575146935446
2022AmesHigh,LH82 X PHB47,126.68567222229
2022AmesHigh,PHK56 X LH82,135.934115535254
2022AmesHigh,PHP02 X LH185,111.672309777036
2022AmesHigh,PHP02 X LH145,103.50359393671
2022AmesHigh,LH74 X PHM49,120.887739248997
2022AmesHigh,2369 X PHN82,129.17179614882
2022AmesHigh,PHB47 X 3IIH6,124.317561580573
2022AmesHigh,LH82 X W606S,120.969218695912
2022AmesHigh,PHN46 X W606S,128.0254466017
2022AmesHigh,LH185 X LH145,100.728096304002
2022AmesHigh,B73 X 3IIH6,146.491786847849
2022AmesHigh,PHK56 X LH198,122.581671488095
2022AmesHigh,PHK56 X W606S,137.436433930894
2022AmesHigh,PHP02 X LH82,101.661726170792
2022AmesHigh,PHK76 X 3IIH6,120.270566918889
2022AmesHigh,4N506 X 3IIH6,132.760537537514
2022AmesHigh,PHB47 X PHJ89,106.358959860706
2022AmesHigh,B105 X 3IIH6,111.647016757263
2022AmesHigh,PHP02 X PHK76,124.322902674842
2022AmesHigh,PHK76 X LH145,96.0662741895491
2022AmesHigh,2369 X PHP02,110.850705279438
2022AmesHigh,LH74 X PHN82,123.360024343042
2022AmesHigh,B14A X MO17,116.695975824254
2022AmesHigh,B73 X PHM49,118.598159066468
2022AmesHigh,PHP02 X W606S,135.790530365099
2022AmesHigh,COMMERCIAL HYBRID 2,139.19020142053
2022AmesHigh,PHK56 X PHJ89,138.889940038094
2022AmesHigh,B73 X PHZ51,123.224608125923
2022AmesHigh,2FACC X 3IIH6,131.663437823679
2022AmesHigh,PHZ51 X LH145,107.294147482554
2022AmesHigh,PHK76 X W606S,118.348816598953
2022AmesHigh,LH123HT X PHB47,115.678906557258
2022AmesHigh,PHP02 X PHN46,121.753005641243
2022AmesHigh,PHW52 X PHM49,135.613410279382
2022AmesHigh,PHW52 X PHZ51,140.073003576348
2022AmesHigh,LH123HT X 3IIH6,124.481935561025
2022AmesHigh,COMMERCIAL HYBRID 1,146.576367533728
2022AmesHigh,PHK76 X LH198,120.42748814695
2022AmesHigh,LH185 X W606S,123.749173253566
2022AmesHigh,F42 X MO17,116.914187275449
2022AmesHigh,B73 X MO17,123.486517078603
2022AmesHigh,COMMERCIAL HYBRID 3,117.714142665468
2022AmesHigh,PHJ40 X LH82,124.549476466855
2022AmesHigh,PHK56 X LH145,116.480553359382
2022AmesHigh,N209 X 3IIH6,129.070004476103
2022AmesHigh,PHG39 X PHN82,158.95710021275
2022AmesHigh,PHW52 X LH185,131.555881922327
2022AmesHigh,PHP02 X LH198,122.057805490958
2022AmesHigh,PHN46 X PHB47,116.501756917156
2022AmesHigh,COMMERCIAL HYBRID 6,155.199766118015
2022AmesHigh,PHB47 X PHK56,120.986054269633
2022AmesHigh,PHT69 X 3IIH6,122.299353599491
2022AmesHigh,2369 X LH123HT,108.386700215377
2022AmesHigh,PHK76 X LH82,112.482376621488
2022AmesHigh,COMMERCIAL HYBRID 4,156.817814336231
2022AmesHigh,PHN46 X PHK56,123.244911396494
2022AmesHigh,PHP02 X PHK56,126.447064526697
2022AmesHigh,LH185 X LH82,136.841506231074
2022AmesHigh,PHP02 X PHJ89,110.505533713935
2022AmesHigh,PHK56 X LH185,127.197210812074
2022AmesHigh,LH198 X PHB47,119.152247295706
2022AmesHigh,PHP02 X PHG47,140.242593480957
2022AmesHigh,PHK56 X 3IIH6,128.24496042169
2022AmesHigh,LH195 X PHZ51,117.558036156053
2022AmesHigh,LH198 X PHZ51,112.376013195023
2022AmesHigh,LH195 X LH185,109.228748296146
2022AmesHigh,2369 X PHZ51,128.683332576846
2022AmesHigh,2369 X 3IIH6,131.857936620211
2022AmesHigh,B37 X OH43,102.526665219261
2022AmesHigh,PHG39 X PHM49,126.133436440035
2022AmesHigh,PHW52 X PHN82,125.190384765827
2022AmesHigh,LH195 X 3IIH6,124.349300424617
2022AmesHigh,B37 X H95,90.9703578498308
2022AmesHigh,LH145 X LH162,125.537313232445
2022AmesHigh,WF9 X H95,94.6776583211887
2022AmesHigh,LH195 X LH123HT,121.71166962262
2022AmesHigh,PHP02 X PHB47,122.289390831457
2022AmesHigh,B73 X PHN82,129.150485168425
2022AmesHigh,F42 X OH43,98.1695234641924
2022AmesHigh,LH195 X PHM49,103.78598620942
2022AmesHigh,B37 X MO17,115.409216478341
2022AmesHigh,B84 X 3IIH6,128.448758368042
2022AmesHigh,LH82 X PHJ89,119.586736492034
2022AmesHigh,PHB47 X LH185,122.500583907333
2022AmesHigh,LH82 X PHB47,118.139187062838
2022AmesHigh,PHK56 X LH82,129.917426289336
2022AmesHigh,PHP02 X LH185,119.513063703845
2022AmesHigh,PHP02 X LH145,99.0127131004263
2022AmesHigh,LH74 X PHM49,112.043826076752
2022AmesHigh,2369 X PHN82,123.624246206352
2022AmesHigh,PHB47 X 3IIH6,132.378829578245
2022AmesHigh,LH82 X W606S,118.547284449445
2022AmesHigh,PHN46 X W606S,115.653783847302
2022AmesHigh,B73 X 3IIH6,122.56053119634
2022AmesHigh,PHK56 X LH198,133.634277818803
2022AmesHigh,PHK56 X W606S,145.467807047909
2022AmesHigh,PHP02 X LH82,116.617549462491
2022AmesHigh,PHK76 X 3IIH6,120.703074228884
2022AmesHigh,4N506 X 3IIH6,128.635036307536
2022AmesHigh,B105 X 3IIH6,116.186060785206
2022AmesHigh,PHP02 X PHK76,125.640048329882
2022AmesHigh,PHK76 X LH145,105.833039129688
2022AmesHigh,2369 X PHP02,121.132421203242
2022AmesHigh,LH74 X PHN82,132.054172691183
2022AmesHigh,B14A X MO17,112.672176898392
2022AmesHigh,B73 X PHM49,120.865731767921
2022AmesHigh,PHP02 X W606S,127.175686198208
2022AmesHigh,COMMERCIAL HYBRID 2,139.209059353354
2022AmesHigh,PHK56 X PHJ89,133.80526984171
2022AmesHigh,B73 X PHZ51,121.821173684011
2022AmesHigh,2FACC X 3IIH6,137.085580616418
2022AmesHigh,PHZ51 X LH145,109.841946774306
2022AmesHigh,PHK76 X W606S,105.521510693927
2022AmesHigh,LH123HT X PHB47,119.133462341229
2022AmesHigh,PHP02 X PHN46,128.699064548148
2022AmesHigh,PHW52 X PHM49,122.857547902335
2022AmesHigh,PHW52 X PHZ51,125.428076123039
2022AmesHigh,LH123HT X 3IIH6,118.367777803957
2022AmesHigh,COMMERCIAL HYBRID 1,147.972889572497
2022AmesHigh,PHK76 X LH198,125.173625337401
2022AmesHigh,F42 X MO17,142.082418707561
2022AmesHigh,B73 X MO17,119.621380803177
2022AmesHigh,COMMERCIAL HYBRID 3,123.708644405827
2022AmesHigh,PHJ40 X LH82,128.514980003225
2022AmesHigh,N209 X 3IIH6,122.545577440472
2022AmesHigh,PHW52 X LH185,131.096947594147
2022AmesHigh,PHP02 X LH198,149.14061624207
2022AmesHigh,PHN46 X PHB47,121.885415935963
2022AmesHigh,COMMERCIAL HYBRID 6,154.157554801739
2022AmesHigh,PHB47 X PHK56,117.482314614403
2022AmesHigh,PHT69 X 3IIH6,122.144940665578
2022AmesHigh,2369 X LH123HT,108.846924911805
2022AmesHigh,PHK76 X LH82,121.643836052533
2022AmesHigh,COMMERCIAL HYBRID 4,137.641414038509
2022AmesHigh,PHN46 X PHK56,138.544361946417
2022AmesHigh,PHP02 X PHK56,140.094017786223
2022AmesHigh,LH185 X LH82,132.235492506279
2022AmesHigh,PHP02 X PHJ89,129.698146755344
2022AmesHigh,PHK56 X LH185,143.526782364249
2022AmesHigh,LH198 X PHB47,125.168579500588
2022AmesHigh,PHP02 X PHG47,132.799728687379
2022AmesHigh,PHK56 X 3IIH6,125.862530263915
2022LincolnHigh,LH145 X LH162,19.5913946326458
2022LincolnHigh,COMMERCIAL HYBRID 3,35.6288175763491
2022LincolnHigh,PHP02 X LH198,29.7392513631557
2022LincolnHigh,B73 X PHN82,35.2803027045087
2022LincolnHigh,2369 X 3IIH6,25.7103581129663
2022LincolnHigh,LH82 X PHB47,27.8025621374721
2022LincolnHigh,PHP02 X PHK76,30.6129619076272
2022LincolnHigh,PHK56 X W606S,20.8946205079688
2022LincolnHigh,LH195 X LH123HT,22.3046092962808
2022LincolnHigh,PHK76 X 3IIH6,28.2913950001047
2022LincolnHigh,B73 X PHZ51,35.3519329284516
2022LincolnHigh,COMMERCIAL HYBRID 2,37.3381363522514
2022LincolnHigh,PHT69 X 3IIH6,24.565720958254
2022LincolnHigh,2369 X LH123HT,14.5500441621526
2022LincolnHigh,LH74 X PHM49,21.3272149659684
2022LincolnHigh,WF9 X H95,17.1951506202416
2022LincolnHigh,PHW52 X LH185,31.3340416767464
2022LincolnHigh,2369 X PHN82,35.9337866101768
2022LincolnHigh,PHN46 X W606S,24.6238800020702
2022LincolnHigh,PHP02 X PHN46,23.7468297981283
2022LincolnHigh,PHK56 X LH82,33.4336749426854
2022LincolnHigh,PHJ40 X LH82,35.1999593538287
2022LincolnHigh,PHW52 X PHZ51,22.3752940529251
2022LincolnHigh,2369 X PHZ51,25.9391206502717
2022LincolnHigh,LH185 X LH82,31.4577195907804
2022LincolnHigh,B105 X 3IIH6,22.2316311996877
2022LincolnHigh,F42 X OH43,25.5063432072386
2022LincolnHigh,LH123HT X 3IIH6,15.9957713315743
2022LincolnHigh,PHP02 X PHJ89,48.1613281255347
2022LincolnHigh,4N506 X 3IIH6,22.263458281369
2022LincolnHigh,PHP02 X W606S,34.3816599129597
2022LincolnHigh,PHZ51 X LH145,40.1088090415088
2022LincolnHigh,PHK76 X LH198,30.2866679673668
2022LincolnHigh,B84 X 3IIH6,25.6307703407427
2022LincolnHigh,B73 X PHM49,26.880870053393
2022LincolnHigh,LH82 X W606S,37.7973628283211
2022LincolnHigh,F42 X MO17,18.6600545978718
2022LincolnHigh,LH82 X PHJ89,28.9964366683722
2022LincolnHigh,PHW52 X PHN82,31.031431417127
2022LincolnHigh,B14A X MO17,29.0061826409658
2022LincolnHigh,PHK56 X PHJ89,24.84707947886
2022LincolnHigh,PHN46 X PHK56,22.8090542460725
2022LincolnHigh,PHK76 X LH145,29.1794448190199
2022LincolnHigh,PHK56 X 3IIH6,17.8937765703615
2022LincolnHigh,PHP02 X LH82,28.6900684560421
2022LincolnHigh,PHK76 X W606S,29.8766780175472
2022LincolnHigh,LH198 X PHZ51,25.1717972499895
2022LincolnHigh,N209 X 3IIH6,30.2720964341185
2022LincolnHigh,B73 X 3IIH6,24.542383156277
2022LincolnHigh,2369 X PHP02,24.9975201125104
2022LincolnHigh,LH123HT X PHB47,16.8829067177662
2022LincolnHigh,PHP02 X PHB47,22.7136784942968
2022LincolnHigh,B37 X OH43,22.9426903278691
2022LincolnHigh,PHB47 X PHK56,29.8771721574929
2022LincolnHigh,B37 X MO17,24.9033348111362
2022LincolnHigh,2369 X PHP02,30.4584499603627
2022LincolnHigh,PHN46 X PHB47,26.0544234807174
2022LincolnHigh,B37 X H95,19.14052509458
2022LincolnHigh,2FACC X 3IIH6,22.8255779152256
2022LincolnHigh,PHK56 X LH185,23.3069818321114
2022LincolnHigh,PHP02 X LH145,20.1938905147515
2022LincolnHigh,B73 X MO17,26.5024994058071
2022LincolnHigh,LH198 X PHB47,35.6613660436809
2022LincolnHigh,COMMERCIAL HYBRID 1,49.1218807828821
2022LincolnHigh,COMMERCIAL HYBRID 4,52.1366377988807
2022LincolnHigh,LH195 X PHM49,20.3504310026578
2022LincolnHigh,LH198 X PHB47,20.1008036452293
2022LincolnHigh,PHP02 X LH185,18.3592087815083
2022LincolnHigh,PHK56 X LH198,25.3183447506303
2022LincolnHigh,PHK76 X LH82,39.7250195484258
2022LincolnHigh,LH195 X PHZ51,21.9617962484288
2022LincolnHigh,LH74 X PHN82,33.1613369511477
2022LincolnHigh,COMMERCIAL HYBRID 6,40.6912461291864
2022LincolnHigh,PHK76 X LH82,32.4568204328674
2022LincolnHigh,PHW52 X PHM49,28.3328922086406
2022LincolnHigh,LH195 X 3IIH6,26.9515273993337
2022LincolnHigh,COMMERCIAL HYBRID 6,36.7565166097096
2022LincolnHigh,PHG39 X PHM49,27.6457767807529
2022LincolnHigh,PHP02 X PHK56,19.8929803155135
2022LincolnHigh,PHB47 X LH185,22.7323714989387
2022LincolnHigh,PHB47 X 3IIH6,18.134339126182
2022LincolnHigh,LH195 X LH185,33.1182012326611
2022LincolnHigh,PHP02 X PHG47,24.2048164748665
2022LincolnHigh,PHJ40 X LH82,36.6142698054219
2022LincolnHigh,COMMERCIAL HYBRID 2,45.4635301430894
2022LincolnHigh,LH185 X W606S,28.0787768636981
2022LincolnHigh,LH185 X LH145,20.115391395031
2022LincolnHigh,PHK56 X W606S,26.6489502676224
2022LincolnHigh,PHK56 X PHJ89,19.6484893402003
2022LincolnHigh,LH82 X W606S,27.4755164637165
2022LincolnHigh,PHP02 X LH145,32.8098828533646
2022LincolnHigh,PHP02 X PHK56,38.0825832078111
2022LincolnHigh,PHK56 X LH185,22.6729654191481
2022LincolnHigh,PHK76 X LH145,24.7388746759116
2022LincolnHigh,PHP02 X W606S,27.6136398062996
2022LincolnHigh,COMMERCIAL HYBRID 1,45.5536572382467
2022LincolnHigh,PHP02 X PHN46,28.600587981085
2022LincolnHigh,PHK76 X W606S,28.5290954541866
2022LincolnHigh,PHK56 X LH82,42.5262016499765
2022LincolnHigh,LH185 X LH82,35.453774059181
2022LincolnHigh,PHP02 X LH198,25.2366050053777
2022LincolnHigh,PHK56 X LH145,21.1656175899268
2022LincolnHigh,PHK76 X 3IIH6,14.6140026089684
2022LincolnHigh,PHP02 X LH82,25.5976085297026
2022LincolnHigh,PHP02 X PHK76,29.1225128992242
2022LincolnHigh,2369 X LH123HT,15.1368570072178
2022LincolnHigh,F42 X MO17,22.6670321772663
2022LincolnHigh,2369 X PHZ51,23.7191370124079
2022LincolnHigh,COMMERCIAL HYBRID 6,31.3885777762039
2022LincolnHigh,2FACC X 3IIH6,20.6365399088357
2022LincolnHigh,PHW52 X PHZ51,31.7091750533965
2022LincolnHigh,PHP02 X PHB47,29.7690181480343
2022LincolnHigh,B73 X PHN82,37.6235138975826
2022LincolnHigh,B105 X 3IIH6,22.109850980315
2022LincolnHigh,PHB47 X PHJ89,28.9757725808427
2022LincolnHigh,COMMERCIAL HYBRID 6,34.5948056651343
2022LincolnHigh,N209 X 3IIH6,32.9431471980918
2022LincolnHigh,PHW52 X LH185,27.5318485187816
2022LincolnHigh,PHG39 X PHM49,32.695964674763
2022LincolnHigh,PHW52 X PHM49,32.7199741096834
2022LincolnHigh,LH195 X LH185,23.6238509329966
2022LincolnHigh,B73 X MO17,21.4361781847974
2022LincolnHigh,COMMERCIAL HYBRID 6,26.7823936470619
2022LincolnHigh,2369 X 3IIH6,20.6472759344522
2022LincolnHigh,B84 X 3IIH6,20.4358944344574
2022LincolnHigh,PHW52 X PHN82,40.9379499689312
2022LincolnHigh,PHB47 X LH185,30.4248749254673
2022LincolnHigh,LH74 X PHM49,21.7634219082409
2022LincolnHigh,LH82 X PHB47,20.0146539732407
2022LincolnHigh,COMMERCIAL HYBRID 6,27.5393389864546
2022LincolnHigh,B73 X PHZ51,26.1624046698706
2022LincolnHigh,B73 X PHM49,19.9142649939953
2022LincolnHigh,PHG39 X PHN82,43.3461978491618
2022LincolnHigh,LH82 X PHJ89,37.5376153023528
2022LincolnHigh,PHK56 X LH198,24.4464875936883
2022LincolnHigh,PHB47 X 3IIH6,24.3464978650065
2022LincolnHigh,COMMERCIAL HYBRID 6,30.7531606298911
2022LincolnHigh,4N506 X 3IIH6,23.0135883099732
2022LincolnHigh,LH123HT X 3IIH6,19.6237992709995
2022LincolnHigh,LH145 X LH162,26.7210128927593
2022LincolnHigh,COMMERCIAL HYBRID 4,58.4621461562527
2022LincolnHigh,PHP02 X LH185,25.3003179702496
2022LincolnHigh,2369 X PHN82,28.8541173214422
2022LincolnHigh,LH195 X PHM49,22.6236505156174
2022LincolnHigh,B14A X MO17,34.638029690864
2022LincolnHigh,B37 X MO17,26.9309911235235
2022LincolnHigh,WF9 X H95,26.6491442803015
2022LincolnHigh,PHN46 X W606S,33.4123154978215
2022LincolnHigh,LH195 X 3IIH6,19.3761259774823
2022LincolnHigh,PHB47 X PHK56,21.8603053333693
2022LincolnHigh,B37 X OH43,20.9158259790914
2022LincolnHigh,B73 X 3IIH6,22.9242523028901
2022LincolnHigh,LH74 X PHN82,35.6560922899487
2022LincolnHigh,PHT69 X 3IIH6,31.2368785498096
2022LincolnHigh,PHK56 X 3IIH6,22.567560158207
2022LincolnHigh,F42 X OH43,24.6725670556928
2022LincolnHigh,LH198 X PHZ51,30.1781683910101
2022LincolnHigh,B37 X H95,21.9449001185995
2022LincolnHigh,LH195 X PHZ51,29.9657643507236
2022LincolnHigh,PHZ51 X LH145,30.4154746296925
2022LincolnHigh,LH195 X LH123HT,24.6651551084217
2022LincolnHigh,PHN46 X PHB47,21.7777331960625
2022LincolnHigh,PHP02 X PHG47,26.6810972576617
2022LincolnHigh,PHP02 X PHJ89,36.2211211812276
2022LincolnHigh,LH123HT X PHB47,21.4123495428156
2022LincolnHigh,COMMERCIAL HYBRID 3,47.5489405002861
2022LincolnHigh,PHK76 X LH198,25.6968545161398
2022LincolnHigh,PHN46 X PHK56,23.6350285940413
2022NorthPlatteLILow,LH185 X LH82,180.702699452937
2022NorthPlatteLILow,PHZ51 X LH145,152.834983570363
2022NorthPlatteLILow,PHB47 X PHK56,179.829394055111
2022NorthPlatteLILow,2FACC X 3IIH6,179.312366062033
2022NorthPlatteLILow,B37 X H95,128.80277235034
2022NorthPlatteLILow,PHK76 X LH145,168.999773285149
2022NorthPlatteLILow,LH198 X PHZ51,166.721887762562
2022NorthPlatteLILow,COMMERCIAL HYBRID 2,173.810728476422
2022NorthPlatteLILow,LH82 X W606S,177.271683584863
2022NorthPlatteLILow,PHJ40 X LH82,156.387630735681
2022NorthPlatteLILow,2369 X PHZ51,141.244019115571
2022NorthPlatteLILow,PHW52 X PHM49,186.063139646198
2022NorthPlatteLILow,LH185 X LH145,153.189382435317
2022NorthPlatteLILow,B73 X PHN82,172.746047369227
2022NorthPlatteLILow,B37 X MO17,142.817192567826
2022NorthPlatteLILow,PHP02 X LH185,197.819139252824
2022NorthPlatteLILow,PHK56 X PHJ89,167.94729344947
2022NorthPlatteLILow,B84 X 3IIH6,175.136251723343
2022NorthPlatteLILow,LH145 X LH162,158.17064171685
2022NorthPlatteLILow,LH82 X PHJ89,164.36183025082
2022NorthPlatteLILow,PHK56 X LH185,166.387134347271
2022NorthPlatteLILow,B73 X MO17,168.38790440202
2022NorthPlatteLILow,B37 X OH43,136.958687597234
2022NorthPlatteLILow,B105 X 3IIH6,170.074446444444
2022NorthPlatteLILow,2369 X PHN82,172.38194537608
2022NorthPlatteLILow,B73 X 3IIH6,166.802563307786
2022NorthPlatteLILow,LH74 X PHN82,174.056831334765
2022NorthPlatteLILow,PHK76 X LH82,166.536784524446
2022NorthPlatteLILow,PHP02 X W606S,152.509028028538
2022NorthPlatteLILow,COMMERCIAL HYBRID 6,147.703249836945
2022NorthPlatteLILow,PHP02 X PHK76,155.342007012641
2022NorthPlatteLILow,LH82 X PHB47,161.968961945623
2022NorthPlatteLILow,WF9 X H95,134.858626801913
2022NorthPlatteLILow,N209 X 3IIH6,185.285151149183
2022NorthPlatteLILow,PHB47 X PHJ89,164.874868265764
2022NorthPlatteLILow,LH195 X PHM49,164.524342150916
2022NorthPlatteLILow,PHK76 X 3IIH6,161.90873467058
2022NorthPlatteLILow,LH195 X 3IIH6,172.162052407695
2022NorthPlatteLILow,PHK76 X W606S,146.519932525627
2022NorthPlatteLILow,PHW52 X PHN82,184.077863034995
2022NorthPlatteLILow,PHK56 X LH198,174.058444777134
2022NorthPlatteLILow,COMMERCIAL HYBRID 3,170.156470126346
2022NorthPlatteLILow,PHK56 X W606S,182.108057878287
2022NorthPlatteLILow,PHP02 X PHN46,167.96814769479101
2022NorthPlatteLILow,F42 X OH43,128.303606468627
2022NorthPlatteLILow,PHN46 X PHB47,175.338056339626
2022NorthPlatteLILow,LH123HT X PHB47,159.725699921773
2022NorthPlatteLILow,PHK56 X LH82,168.249497483419
2022NorthPlatteLILow,B73 X PHM49,168.764044293396
2022NorthPlatteLILow,B73 X PHZ51,154.586730079883
2022NorthPlatteLILow,4N506 X 3IIH6,169.120063748944
2022NorthPlatteLILow,LH195 X LH123HT,184.275591910351
2022NorthPlatteLILow,LH198 X PHB47,142.016774517441
2022NorthPlatteLILow,PHB47 X 3IIH6,169.996261629317
2022NorthPlatteLILow,LH185 X W606S,157.53519899125
2022NorthPlatteLILow,LH195 X LH185,168.543916247796
2022NorthPlatteLILow,B14A X MO17,152.490665757234
2022NorthPlatteLILow,PHW52 X PHZ51,152.333795560482
2022NorthPlatteLILow,PHP02 X LH145,159.903868561244
2022NorthPlatteLILow,COMMERCIAL HYBRID 6,165.476989477246
2022NorthPlatteLILow,PHB47 X LH185,155.773850779179
2022NorthPlatteLILow,PHP02 X PHK56,178.886298413988
2022NorthPlatteLILow,PHK76 X LH198,169.226869074252
2022NorthPlatteLILow,2369 X 3IIH6,178.797645162182
2022NorthPlatteLILow,LH123HT X 3IIH6,163.107827873769
2022NorthPlatteLILow,PHP02 X LH198,183.018366859009
2022NorthPlatteLILow,COMMERCIAL HYBRID 1,NA
2022NorthPlatteLILow,PHP02 X LH82,160.902888056583
2022NorthPlatteLILow,PHP02 X PHB47,160.836507063529
2022NorthPlatteLILow,LH74 X PHM49,164.237062413412
2022NorthPlatteLILow,PHN46 X PHK56,171.75081685388
2022NorthPlatteLILow,PHK56 X LH145,167.565519383297
2022NorthPlatteLILow,PHG39 X PHN82,183.846224499708
2022NorthPlatteLILow,PHW52 X LH185,177.346287311973
2022NorthPlatteLILow,2369 X PHP02,163.443166720372
2022NorthPlatteLILow,F42 X MO17,143.198128186838
2022NorthPlatteLILow,PHP02 X PHG47,147.199221207877
2022NorthPlatteLILow,PHP02 X PHJ89,163.561662829758
2022NorthPlatteLILow,PHN46 X W606S,160.887408911428
2022NorthPlatteLILow,PHT69 X 3IIH6,167.945317916053
2022NorthPlatteLILow,PHK56 X 3IIH6,162.605660057783
2022NorthPlatteLILow,PHG39 X PHM49,159.357174292138
2022NorthPlatteLILow,2369 X LH123HT,154.287903109746
2022NorthPlatteLILow,COMMERCIAL HYBRID 4,171.866749513192
2022NorthPlatteLILow,LH195 X PHZ51,164.109706246559
2022NorthPlatteLILow,COMMERCIAL HYBRID 6,176.852886224633
2022NorthPlatteLILow,COMMERCIAL HYBRID 6,165.604288522906
2022NorthPlatteLILow,COMMERCIAL HYBRID 6,173.558876073392
2022NorthPlatteLILow,F42 X MO17,155.64890068769
2022NorthPlatteLILow,B37 X H95,145.563229039117
2022NorthPlatteLILow,PHP02 X PHB47,165.898936422044
2022NorthPlatteLILow,B73 X 3IIH6,172.277493925237
2022NorthPlatteLILow,B73 X PHZ51,167.691306579567
2022NorthPlatteLILow,LH195 X 3IIH6,183.798500590848
2022NorthPlatteLILow,PHJ40 X LH82,147.224473217922
2022NorthPlatteLILow,PHP02 X PHK56,176.129121802805
2022NorthPlatteLILow,PHW52 X LH185,157.221193497685
2022NorthPlatteLILow,LH198 X PHB47,154.118787834747
2022NorthPlatteLILow,B84 X 3IIH6,152.331700981075
2022NorthPlatteLILow,PHP02 X PHJ89,176.627661242304
2022NorthPlatteLILow,PHW52 X PHM49,143.444113358287
2022NorthPlatteLILow,B14A X MO17,169.025802093713
2022NorthPlatteLILow,2369 X PHZ51,147.120372174242
2022NorthPlatteLILow,PHK56 X W606S,177.990358484393
2022NorthPlatteLILow,PHP02 X LH198,163.495391295081
2022NorthPlatteLILow,2369 X 3IIH6,170.509948813067
2022NorthPlatteLILow,PHK76 X LH145,153.94943857854
2022NorthPlatteLILow,LH198 X PHZ51,175.662557013791
2022NorthPlatteLILow,B73 X MO17,179.336591932761
2022NorthPlatteLILow,PHB47 X PHK56,165.019429563139
2022NorthPlatteLILow,PHG39 X PHM49,161.13633400713601
2022NorthPlatteLILow,PHK56 X LH198,184.514262502488
2022NorthPlatteLILow,PHK76 X LH82,160.22060670633
2022NorthPlatteLILow,PHP02 X LH185,164.537264897981
2022NorthPlatteLILow,PHP02 X LH82,152.113238336075
2022NorthPlatteLILow,2369 X PHN82,183.626930730261
2022NorthPlatteLILow,PHK56 X 3IIH6,162.60334505541
2022NorthPlatteLILow,PHP02 X PHG47,166.690572734018
2022NorthPlatteLILow,F42 X OH43,134.139409168132
2022NorthPlatteLILow,LH195 X LH185,180.732273416804
2022NorthPlatteLILow,COMMERCIAL HYBRID 2,174.595687184822
2022NorthPlatteLILow,PHN46 X PHB47,169.696368139207
2022NorthPlatteLILow,LH195 X LH123HT,166.881913630015
2022NorthPlatteLILow,N209 X 3IIH6,177.609712292229
2022NorthPlatteLILow,PHP02 X W606S,162.898355085073
2022NorthPlatteLILow,PHP02 X LH145,164.84935995079
2022NorthPlatteLILow,B105 X 3IIH6,157.420661575527
2022NorthPlatteLILow,B37 X OH43,130.06665549165
2022NorthPlatteLILow,PHT69 X 3IIH6,167.993083565682
2022NorthPlatteLILow,COMMERCIAL HYBRID 1,182.514392658169
2022NorthPlatteLILow,2369 X LH123HT,160.698847258232
2022NorthPlatteLILow,PHK56 X LH82,179.315753774658
2022NorthPlatteLILow,COMMERCIAL HYBRID 3,165.463835570836
2022NorthPlatteLILow,LH185 X LH82,164.110444812334
2022NorthPlatteLILow,LH195 X PHZ51,158.52136173527
2022NorthPlatteLILow,B73 X PHN82,179.462157489673
2022NorthPlatteLILow,PHK56 X LH185,160.977562249721
2022NorthPlatteLILow,PHW52 X PHN82,175.363292183262
2022NorthPlatteLILow,PHN46 X W606S,164.888199874684
2022NorthPlatteLILow,PHZ51 X LH145,162.642265638355
2022NorthPlatteLILow,PHK76 X W606S,162.35614837512
2022NorthPlatteLILow,2FACC X 3IIH6,157.908230694667
2022NorthPlatteLILow,LH74 X PHM49,179.024413226936
2022NorthPlatteLILow,B73 X PHM49,167.873155857232
2022NorthPlatteLILow,PHN46 X PHK56,171.779214669941
2022NorthPlatteLILow,WF9 X H95,120.14721236668
2022NorthPlatteLILow,PHP02 X PHN46,166.992036148632
2022NorthPlatteLILow,COMMERCIAL HYBRID 4,187.751806655638
2022NorthPlatteLILow,2369 X PHP02,162.294856682074
2022NorthPlatteLILow,PHK76 X 3IIH6,170.409643555767
2022NorthPlatteLILow,COMMERCIAL HYBRID 6,171.501577399112
2022NorthPlatteLILow,PHP02 X PHK76,166.916529650559
2022NorthPlatteLILow,LH82 X PHJ89,134.998279625041
2022NorthPlatteLILow,PHB47 X LH185,153.57979973839701
2022NorthPlatteLILow,LH145 X LH162,148.867251527505
2022NorthPlatteLILow,4N506 X 3IIH6,175.873631386662
2022NorthPlatteLILow,LH123HT X PHB47,159.199888026682
2022NorthPlatteLILow,PHB47 X 3IIH6,160.60889708129
2022NorthPlatteLILow,PHW52 X PHZ51,176.01125859209
2022NorthPlatteLILow,B37 X MO17,126.966608992876
2022NorthPlatteLILow,LH195 X PHM49,161.201719964456
2022NorthPlatteLILow,LH123HT X 3IIH6,156.945716803906
2022NorthPlatteLILow,PHK56 X PHJ89,156.487369786469
2022NorthPlatteLILow,PHK76 X LH198,182.367274040801
2022NorthPlatteLILow,LH82 X PHB47,180.392959079643
2022NorthPlatteLILow,LH74 X PHN82,166.669333959856
2022NorthPlatteLILow,LH82 X W606S,166.614493879278
2022NorthPlatteLILow,COMMERCIAL HYBRID 6,157.832749740545
2022NorthPlatteLILow,COMMERCIAL HYBRID 6,158.736759051842
2022NorthPlatteLILow,COMMERCIAL HYBRID 6,162.673609097418
2022NorthPlatteLILow,COMMERCIAL HYBRID 6,167.281075123064
2022NorthPlatteLILow,COMMERCIAL HYBRID 6,174.664580722928
2022NorthPlatteLILow,COMMERCIAL HYBRID 6,181.573944563565
2022NorthPlatteLILow,COMMERCIAL HYBRID 6,161.319643013312
2022NorthPlatteLILow,COMMERCIAL HYBRID 6,166.06389160282
2022NorthPlatteLILow,COMMERCIAL HYBRID 6,156.652562339484
2023CrawfordsvilleLow,LH185 X LH145,141.596395421728
2023CrawfordsvilleLow,LH185 X LH82,137.999700794698
2023CrawfordsvilleLow,LH185 X W606S,144.18831046603
2023CrawfordsvilleLow,LH198 X PHB47,136.655282205939
2023CrawfordsvilleLow,LH82 X W606S,123.457043617799
2023CrawfordsvilleLow,PHB47 X PHJ89,138.208444233113
2023CrawfordsvilleLow,PHN46 X PHK56,149.589085315177
2023CrawfordsvilleLow,PHN46 X W606S,140.965392196713
2023CrawfordsvilleLow,PHN46 X PHB47,130.578826162602
2023CrawfordsvilleLow,B73 X MO17,128.977689204904
2023CrawfordsvilleLow,B73 X PHZ51,140.302579228161
2023CrawfordsvilleLow,B73 X PHM49,119.553040755851
2023CrawfordsvilleLow,LH145 X LH162,129.841716241637
2023CrawfordsvilleLow,LH195 X LH185,139.876640430681
2023CrawfordsvilleLow,LH195 X PHZ51,129.96810531719
2023CrawfordsvilleLow,LH195 X PHM49,123.970229224984
2023CrawfordsvilleLow,2369 X PHN82,144.502232287418
2023CrawfordsvilleLow,LH74 X PHM49,137.843043716408
2023CrawfordsvilleLow,PHB47 X 3IIH6,151.908052054659
2023CrawfordsvilleLow,PHK56 X LH198,163.896418193056
2023CrawfordsvilleLow,LH82 X PHB47,130.246869784038
2023CrawfordsvilleLow,LH82 X PHJ89,151.930639860507
2023CrawfordsvilleLow,PHJ40 X LH82,144.038066600388
2023CrawfordsvilleLow,PHW52 X LH185,148.787814197861
2023CrawfordsvilleLow,PHW52 X PHZ51,142.343919848539
2023CrawfordsvilleLow,PHW52 X PHM49,147.99231654543
2023CrawfordsvilleLow,PHB47 X LH185,149.355903737202
2023CrawfordsvilleLow,PHZ51 X LH145,132.970687727077
2023CrawfordsvilleLow,2369 X PHP02,153.706808261693
2023CrawfordsvilleLow,2369 X 3IIH6,154.895197517573
2023CrawfordsvilleLow,2FACC X 3IIH6,137.561784909268
2023CrawfordsvilleLow,4N506 X 3IIH6,142.207760706965
2023CrawfordsvilleLow,B105 X 3IIH6,144.256579221632
2023CrawfordsvilleLow,B84 X 3IIH6,137.345185174931
2023CrawfordsvilleLow,LH123HT X PHB47,130.934809925141
2023CrawfordsvilleLow,N209 X 3IIH6,150.791272929089
2023CrawfordsvilleLow,PHG39 X PHM49,144.553595915255
2023CrawfordsvilleLow,PHP02 X PHG47,90.833759019723
2023CrawfordsvilleLow,PHT69 X 3IIH6,153.355539991077
2023CrawfordsvilleLow,PHK56 X LH82,149.14320820896
2023CrawfordsvilleLow,PHK56 X W606S,81.8705082091041
2023CrawfordsvilleLow,PHK56 X 3IIH6,153.423829244333
2023CrawfordsvilleLow,PHK56 X PHJ89,143.875367591523
2023CrawfordsvilleLow,PHK56 X LH185,142.643689075794
2023CrawfordsvilleLow,PHK56 X LH145,134.337149362325
2023CrawfordsvilleLow,PHK76 X LH145,136.813394900286
2023CrawfordsvilleLow,PHK76 X LH198,149.258484007315
2023CrawfordsvilleLow,PHK76 X 3IIH6,151.028128606102
2023CrawfordsvilleLow,PHK76 X W606S,138.819456310392
2023CrawfordsvilleLow,PHK76 X LH82,112.90785376706
2023CrawfordsvilleLow,PHP02 X PHB47,135.091292717091
2023CrawfordsvilleLow,PHP02 X PHJ89,82.7814128525039
2023CrawfordsvilleLow,PHP02 X LH185,108.256603148134
2023CrawfordsvilleLow,PHP02 X PHN46,148.354973678887
2023CrawfordsvilleLow,PHP02 X LH145,143.07121578694
2023CrawfordsvilleLow,PHP02 X PHK76,141.687773130843
2023CrawfordsvilleLow,PHP02 X W606S,145.186408082945
2023CrawfordsvilleLow,PHP02 X LH82,130.751327196896
2023CrawfordsvilleLow,PHP02 X PHK56,136.344557161282
2023CrawfordsvilleLow,PHP02 X LH198,146.663829011414
2023CrawfordsvilleLow,LH74 X PHN82,146.263755988615
2023CrawfordsvilleLow,B73 X PHN82,137.988819899615
2023CrawfordsvilleLow,PHB47 X PHK56,138.197479000037
2023CrawfordsvilleLow,2369 X LH123HT,134.707176436247
2023CrawfordsvilleLow,B14A X MO17,132.812270349073
2023CrawfordsvilleLow,B37 X MO17,132.671013144453
2023CrawfordsvilleLow,F42 X MO17,186.886705069174
2023CrawfordsvilleLow,LH195 X LH123HT,136.288814345558
2023CrawfordsvilleLow,LH123HT X 3IIH6,142.876424403824
2023CrawfordsvilleLow,LH195 X 3IIH6,152.576687871084
2023CrawfordsvilleLow,PHW52 X PHN82,148.602732517389
2023CrawfordsvilleLow,LH198 X PHZ51,144.460131475012
2023CrawfordsvilleLow,2369 X PHZ51,132.189172730291
2023CrawfordsvilleLow,B73 X 3IIH6,165.014573939471
2023CrawfordsvilleLow,B37 X H95,115.176501136986
2023CrawfordsvilleLow,WF9 X H95,119.167665099884
2023CrawfordsvilleLow,B37 X OH43,111.685756563845
2023CrawfordsvilleLow,F42 X OH43,113.66776123381
2023CrawfordsvilleLow,COMMERCIAL HYBRID 5,160.053630593192
2023CrawfordsvilleLow,COMMERCIAL HYBRID 4,159.242292685456
2023CrawfordsvilleLow,COMMERCIAL HYBRID 7,161.948896962323
2023CrawfordsvilleLow,COMMERCIAL HYBRID 1,168.480527194086
2023CrawfordsvilleLow,COMMERCIAL HYBRID 6,160.428236863801
2023CrawfordsvilleLow,LH185 X LH145,148.93626915467
2023CrawfordsvilleLow,LH185 X LH82,145.646713842128
2023CrawfordsvilleLow,LH185 X W606S,143.630178983004
2023CrawfordsvilleLow,LH198 X PHB47,141.622375296397
2023CrawfordsvilleLow,LH82 X W606S,142.632320638623
2023CrawfordsvilleLow,PHB47 X PHJ89,137.555327001275
2023CrawfordsvilleLow,PHN46 X PHK56,131.398471970975
2023CrawfordsvilleLow,PHN46 X W606S,130.909877113886
2023CrawfordsvilleLow,PHN46 X PHB47,137.829196176204
2023CrawfordsvilleLow,B73 X MO17,147.137331196647
2023CrawfordsvilleLow,B73 X PHZ51,145.716844353267
2023CrawfordsvilleLow,B73 X PHM49,146.720498345767
2023CrawfordsvilleLow,LH145 X LH162,120.439543764168
2023CrawfordsvilleLow,LH195 X LH185,142.171689001484
2023CrawfordsvilleLow,LH195 X PHZ51,140.779291155055
2023CrawfordsvilleLow,LH195 X PHM49,139.187532774074
2023CrawfordsvilleLow,2369 X PHN82,151.400999303712
2023CrawfordsvilleLow,LH74 X PHM49,143.61784060773
2023CrawfordsvilleLow,PHB47 X 3IIH6,138.044752457806
2023CrawfordsvilleLow,PHK56 X LH198,166.833923831389
2023CrawfordsvilleLow,LH82 X PHB47,129.579344137043
2023CrawfordsvilleLow,LH82 X PHJ89,151.589316300426
2023CrawfordsvilleLow,PHJ40 X LH82,139.658750846734
2023CrawfordsvilleLow,PHW52 X LH185,164.111509101456
2023CrawfordsvilleLow,PHW52 X PHZ51,149.913697070225
2023CrawfordsvilleLow,PHW52 X PHM49,145.127920186256
2023CrawfordsvilleLow,PHB47 X LH185,149.398636465476
2023CrawfordsvilleLow,PHZ51 X LH145,132.189523170448
2023CrawfordsvilleLow,2369 X PHP02,147.106878685513
2023CrawfordsvilleLow,2369 X 3IIH6,160.561853857016
2023CrawfordsvilleLow,2FACC X 3IIH6,148.47326000485
2023CrawfordsvilleLow,4N506 X 3IIH6,160.013063815069
2023CrawfordsvilleLow,B105 X 3IIH6,143.140009907026
2023CrawfordsvilleLow,B84 X 3IIH6,150.358389978334
2023CrawfordsvilleLow,LH123HT X PHB47,134.631753934168
2023CrawfordsvilleLow,N209 X 3IIH6,152.801528072715
2023CrawfordsvilleLow,PHG39 X PHM49,142.836861610034
2023CrawfordsvilleLow,PHP02 X PHG47,104.225572126894
2023CrawfordsvilleLow,PHT69 X 3IIH6,153.400480491416
2023CrawfordsvilleLow,PHK56 X LH82,152.893470614533
2023CrawfordsvilleLow,PHK56 X W606S,82.5953155938611
2023CrawfordsvilleLow,PHK56 X 3IIH6,149.674740181424
2023CrawfordsvilleLow,PHK56 X PHJ89,143.467958040631
2023CrawfordsvilleLow,PHK56 X LH185,146.292176886781
2023CrawfordsvilleLow,PHK56 X LH145,138.575663630523
2023CrawfordsvilleLow,PHK76 X LH145,145.530164269476
2023CrawfordsvilleLow,PHK76 X LH198,150.171113108325
2023CrawfordsvilleLow,PHK76 X 3IIH6,143.914829058916
2023CrawfordsvilleLow,PHK76 X W606S,146.646141160163
2023CrawfordsvilleLow,PHK76 X LH82,92.1502748599279
2023CrawfordsvilleLow,PHP02 X PHB47,144.385257110223
2023CrawfordsvilleLow,PHP02 X PHJ89,80.4456012684595
2023CrawfordsvilleLow,PHP02 X LH185,131.142919894769
2023CrawfordsvilleLow,PHP02 X PHN46,149.508671976678
2023CrawfordsvilleLow,PHP02 X LH145,130.944130931967
2023CrawfordsvilleLow,PHP02 X PHK76,150.197655205253
2023CrawfordsvilleLow,PHP02 X W606S,143.812427750641
2023CrawfordsvilleLow,PHP02 X LH82,127.410588096758
2023CrawfordsvilleLow,PHP02 X PHK56,150.287734505271
2023CrawfordsvilleLow,PHP02 X LH198,139.308981099152
2023CrawfordsvilleLow,LH74 X PHN82,135.686747601589
2023CrawfordsvilleLow,B73 X PHN82,159.000503540164
2023CrawfordsvilleLow,PHB47 X PHK56,148.819883853062
2023CrawfordsvilleLow,2369 X LH123HT,127.362831559763
2023CrawfordsvilleLow,B14A X MO17,142.614384445237
2023CrawfordsvilleLow,B37 X MO17,132.427315120495
2023CrawfordsvilleLow,F42 X MO17,128.480081538932
2023CrawfordsvilleLow,LH195 X LH123HT,140.481700453659
2023CrawfordsvilleLow,LH123HT X 3IIH6,138.842969382025
2023CrawfordsvilleLow,LH195 X 3IIH6,154.784874801823
2023CrawfordsvilleLow,PHW52 X PHN82,138.767641913781
2023CrawfordsvilleLow,LH198 X PHZ51,141.587313249389
2023CrawfordsvilleLow,2369 X PHZ51,130.435018116787
2023CrawfordsvilleLow,B73 X 3IIH6,153.290999381674
2023CrawfordsvilleLow,B37 X H95,126.935310222623
2023CrawfordsvilleLow,WF9 X H95,126.683523660078
2023CrawfordsvilleLow,B37 X OH43,112.215655638411
2023CrawfordsvilleLow,F42 X OH43,130.284928533353
2023CrawfordsvilleLow,COMMERCIAL HYBRID 5,148.170054859402
2023CrawfordsvilleLow,COMMERCIAL HYBRID 4,160.979195035427
2023CrawfordsvilleLow,COMMERCIAL HYBRID 7,170.739745111708
2023CrawfordsvilleLow,COMMERCIAL HYBRID 1,164.092298693132
2023CrawfordsvilleLow,COMMERCIAL HYBRID 6,162.927490536077
